konkordancija;gold_label
koji su sve ravnodušniji prema njemu. Koji ga se sada ne bi sjetili ni kad na posao ne bi dolazio mjesecima i koji će mu dati crveni karton na sljedećim predsjedničkim izborima. Osim ako obavještajna i paraobavještajna nomenklatura ne priredi neki novi;frazeolosko
i mirovina..... i tako stalno u krug!? Građani će zacijelo tako nesposobnoj Kukuriku Vladi prvom prilikom udijeliti crveni karton, a dati povjerenje onima koji svojim programima pokažu da znaju kako se za razliku od njih otvaraju nova radna mjesta,;frazeolosko
"da svi moramo biti solidarni ove godine, jer će velik broj građana živjeti izuzetno teško. Vrijeme je da ovoj Vladi damo crveni karton "", rekla je. Navodi kako smatra da za SDP nije trenutak za prekid suradnje s Možemo. ""Ovo je izuzetno važan trenutak za";frazeolosko
ipak pamti. ''Na jednoj utakmici prišao mi je igrač i pitao hoću li se udati za njega. Razlog tomu je bio taj što sam dala crveni karton igraču suprotnog tima, tako da smo se na njegovu simpatičnu ponudu lijepo svi nasmijali!'', kroz smijeh je rekla;doslovno
", Matice hrvatskih sindikata i Udruge radničkih sindikata Hrvatske da na Međunarodni dan rada 1. svibnja dadnu ""crveni karton"" Vladi i otvoreno zatraže njezino odstupanje s vlasti. Upravo je tragično što su sadašnje vlasti prisilile hrvatske";frazeolosko
iz Osijeka (rođene 1939., 1937. i 1950. godine). Nakon tijesne borbe, Ivan i Ivan napustili show: 'Špiček nam je dao crveni karton. U četvrtak navečer održao se još jedan napeti kulinarski dvoboj na setu showa Tri, dva, jedan - kuhaj!' u kojem su dečki;frazeolosko
blokira susjednu zemlju zbog bilateralnih pitanja, onda toj zemlji, dakle prgavoj Sloveniji, treba dati crveni karton, privremeno je izbaciti iz demokratske EU-e, poslati je na popravni ispit pred Međunarodno sudsko vijeće u Haagu. Tek;frazeolosko
je tražio aut, a potom povukao desnog braniča gostiju Milana Havela kod kojeg je bila lopta. Rumunjski sudac mu je dao crveni karton, a UEFA ga je kaznila s jednom utakmicom suspenzije. Bjelica tako neće biti na klupi Dinama u prvoj utakmici osmine;doslovno
kao alarm za daljnju sudbinu riječkog aerodroma. Prije četiri godine regionalna politika jednoglasno je dala crveni karton dotadašnjoj upravi i okrenula smjer prema onome što danas imamo. Riječki aerodrom bio je pred kolapsom, broj putnika;frazeolosko
novi Samo su Josip Šimunić i Chuck Norris uspjeli dobiti tri žuta kartona u jednoj utakmici prije nego im je sudac dao crveni karton. Naravno da imaju gaz tj. dubinu (gaz ima brod), inače najveći brodovi današnjice ne bi mogli uplovljavati u te luke.;doslovno
. BiH NEMA PRAVO NA TERITORIJALNI KORIDOR DO OTVORENOG MORA! Nesmijem ti odgovoriti na ovo posto ce mi modovi dati opet crveni karton ... Ali nisi u pravu. Imaju posle Britanije najjacu mornaricu u evropi. Jedno su želje a drugo mogućnosti a treče;frazeolosko
pretjerali, da su se dečki iz drugog kluba dogovorili i složili prekid, jer ih sudac nije dobro prebrojao pa je dao jedan crveni karton previše, ostalo ih 7 Istra. Ovdje u nizim ligama najbolji igraci su fiktivno zaposleni u jacim tvrtkama, koje su;doslovno
moraju mijenjati smjer, lani smo poručili da je dosta takve politike kojom se smanjuju radnička prava, pa smo im dali ' crveni karton, a u ovoj predizbornoj godini im upućujemo poziv za spas industrije. Vlada do izbora ima još dovoljno vremena da spasi;frazeolosko
žalost, i upravljaju državom a pitanje je kada će ona normalna većina takvima i na vlasti i u narodu jednom za svagda dati crveni karton, i ako treba isključit ih iz svih društvenih aktivnosti u kojima su upravo takvi danas najglasniji i najistureniji.;frazeolosko
koliko ja znam,a mislim da to bolje znaju ljudi sa sjevera marakane,da je jedan istaknutiji delija doslovno dao Arkanu crveni karton po pitanju ulaska na sjevernu tribinu.mislim da je potpuno nevažno tko,upućeni znaju priču Decko koji je puno;frazeolosko
, dakel tom idiotu nikad nije bila ni na kraj pameti samostalna i slobodna hrvatska, meni dovoljno da mu ja dam crveni karton, već zamjena monarhijskog ustroja Jugoslavije s komunističkim, i on naravno vožd na čelu, kratko rečeno da mu nije;frazeolosko
"loše za nas jer je Surać dobio crveni karton. Ovaj ga je povlačio, Suraću je malo poletjela ruka i sudac mu je odmah dao crveni karton bez puno razmišljanja. Sigurno je da smo zadovoljni s bodom jer smo pokazali da možemo dobro igrati."" ""Nakon što smo";doslovno
pitanje zadnjeg čovjeka, a Boban u poziciji za postizanje gola, sudac je odlično ocijenio i Đakovčaninu dao izravni crveni karton. Sve u svemu, iako je pobjedu izborila Mladost teško i silnom borbenošću protiv vrlo dobre momčadi Đakova, ipak je;doslovno
utakmici protiv Rieda, laktom je udario suparničkog igrača, da bi zatim nakon provjere VAR-a, sudac dao izravan crveni karton našem igraču. Momčad iz Linza je uspjela izvući bod na kraju, konačan rezultat je bio 1:1. Kako je izgledala 'žuta;doslovno
u Puli nakon kraja dvoboja djelio kartone PODIJELI Vatreno je bilo u Puli i nakon meča, sudac Tihomir Pejin morao je dati crveni karton pomoćnom treneru Istre 1961 Borji Zabali, kako je naveo u izvješću unio mu se u lice, vikao i blago ga odgurnuo. Samo sa;doslovno
tako da je Brazil u velikoj ekonomskoj situaciji, stopa inflacije raste, a klasne razlike su sve veće. I Crkva dala crveni karton Mundijalu Za razliku od Kaptola, koji podupire inicijative poput U ime obitelji, ali u trenutcima golemih poplava,;frazeolosko
zlatom u svojim dvorima od oniksa za stradale, Katolička crkva u Brazilu je podržala prosvjednike. Osim toga, dali su crveni karton SP-u. Kontakt Donatori Rock Što s dugom kosom?! Evo odgovora! Ispletite pletenicu koja će rubno pokupiti kosu i;frazeolosko
. O PRIJEVREMENIM IZBORIMA Pokušavamo utjecati na njihovu svijest i savjest, kao što to rade i sindikati koji su im dali crveni karton. Ništa nisu napravili, niti će napraviti. Nastavi li se ovako, nakon njih imat ćemo efekt spaljene zemlje. O;frazeolosko
"Vlahušić ne bi mogao kandidirati za Sabor. Toliko o ""vjerodostojnosti""! U nedjelju birači u ovoj županiji moraju dati crveni karton nesposobnoj Milanovićevoj vladi koja je sve ono što je važno za Dubrovnik i županiju ili obustavila, ili zatvorila,";frazeolosko
opasno živi! Opet je AEK-u poništen gol zbog zaleđa 86' Marin je ušao umjesto Špikića Velika greška suca! Prvo je dao crveni karton Mihajličenku koji nije sudjelovao u prekršaju, ali nakon provjere VAR-a su promjenili odluku i Šutalo je zaradio žuti;doslovno
rada. Još uvijek nisu ni aplicirali za izgradnju Pelješkog mosta. Zbog toga ćemo 8. studenog ovoj vladi dati crveni karton! DODIG: Ovo zajedništvo pokazuje koliko je SDP-u bio uzaludan trud da podijeli narod! SDP misli samo na sebe - mi;frazeolosko
golman Villarreala Mariano Barbosa. On je s leđa udario nogometaša domaće momčadi Nyoma, a zanimljivo je to da je sudac crveni karton dao Nyomu, dok je Barbosa prošao nekažnjeno. Sukob na tome nije završio, još je nekoliko nogometaša iz obje momčadi;doslovno
napraviti. I da je u interesu Republike Hrvatske da što prije dođe do parlamentarnih izbora. Sindikati su danas dali crveni karton Vladi - 1. svibnja tražit će prijevremene parlamentarne izbore! Podržao bih taj zahtjev sindikata. A HDZ nudi i datum -;frazeolosko
"duoboko Vas cijenim i poštujem, više nego mislite, ali sad se stvarno moram upitati ... Napisali ste : ""Urednica je dala crveni karton i upozorila... strike 1..."" To što je dala crveni karton ne znači da je tražila i službenu ispriku fikusa. On je mora dati";frazeolosko
1 nakon finala. 'Pogrešno sam procijenio žestinu prekršaja na monitoru. Moja je odluka bila pogrešna i trebao sam dati crveni karton zbog nesportskog ponašanja', kazao je sudac nakon utakmice. Češki nogometni savez do kraja sezone je uklonio;doslovno
li se nešto pogledati. Vidjeli ste svi situaciji na utakmici Dinama u Ligi prvaka, bio je lakat Gojaka, mogao mu je dati crveni karton, svi smo to vidjeli, no, sudac nije tako odlučio. VAR će sigurno skinuti pritisak s naših sudaca, pogotovo što se tiče;doslovno
ovo ljeto pjevačke zvijezde u sklopu programa Turističke zajednice Grada Zadra pohoditi Zadar. ... Milijan Brkić dao crveni karton Miri Bulju: Ne smije u Sabor ni danas, a ni sutra Nakon stanke Nikola Grmoja (Most) najavio je za sutra dolazak u;frazeolosko
se u predsjedničku kampanju izazvao je bijes svojih dojučerašnjih stranačkih kolega iz HDZ-a, koji su mu dali crveni karton. Obzirom na trenutno loš rejting te stranke u javnosti to bi mu moglo dati dodatni vjetar u leđa. Zbog njegovog šarma;frazeolosko
protiv Reala 1:0 bio je ogorčen. Kontroverzna odluka glavnog suca Tobiasa Stielera, koji je u 17. minuti dao izravni crveni karton defenzivnom veznjaku Atalante Remu Freuleru nakon prekršaja nad Fernaldom Mendyjem, izravno je usmjerila susret.;doslovno
stranke mora snositi odgovornost za izborni debakl. Umirovljenici i ostali građani na izborima su mu ' dali crveni karton u devet izbornih jedinica. 'Hrelja ima legalitet i legitimitet za nominiranje za predsjednika, jer su mu građani;frazeolosko
na kojoj je dobio ovu nagradu: Počelo prepucavanje, s Prisavlja sad poručuju: 'Hrvatska radiotelevizija nije dala 'crveni karton Damiru Kedži' Damir Kedžo oglasio se odmah nakon što je doznao daneće predstavljati Hrvatsku na Eurosongu iduće;frazeolosko
isključili Mohameda Mamduha zbog preranog ulaska na teren, a pri tome je Egipat imao napad za pobjedu. Pa su onda dali crveni karton Mikkelu Hansenu jer nije ostavio loptu nakon što su označili pasivni napad Danske. Egipat je tako dobio sedmerac, a;doslovno
"uputio Modriću, svaki drugi igrač dobio bi crveni karton"". ""Neymar je laktom udario Modrića, drugi suci za to bi mu dali crveni karton. A jedanaesterac? To je bila čista simulacija, a umjesto da Fred dobije žuti karton, dobio ga je Lovren. Bila je to";doslovno
manje. Danielson je prvo dobio žuti karton zbog oštrog prekršaja nad Besedinom, no Orsato je pogledao snimku i dao crveni karton švedskom braniču. Kada se već činilo kako ćemo gledati izvođenje jedanaesteraca Ukrajina je zabila za 2-1. Zinčenko;doslovno
uoči derbija s Hajdukom. Sudac na terenu premišljao se hoće li mu zbog udaranja protivničkog igrača dati žuti ili crveni karton, a ja sam nakon utakmice od njega tražio pojašnjenje. Nemam pravo mijenjati odluku suca, ali imao sam pravo naknadno;doslovno
i to po običaju pun nestaloženog bijesa i mržnje. ćaćasenevraća Zašto bi osoba kojoj su vlastiti sugrađani dali crveni karton trebao dobiti toliko medijskog prostora u HR za laprdanje u najvećem broju slučajeva bez ikakvog valjanog argumenta ?;frazeolosko
. A mislim da bi Carvalho dobio čak i crveni karton. Ako je sudac mislio da Robbie simulira, zašto mu nije dao žuti ili crveni karton? Ili je penal ili karton. Mora biti jedno ili drugo, ne može biti ništa. Redknapp se dotaknuo i Chelseajeva napadača;doslovno
. Odustali su jednostavno. Gilja (Ivica Udovičić, tehnički direktor reprezentacije, nap. a.) dao je Dominikoviću crveni karton kasnije i tu su padale takve riječi da nam ni on nije želio više suditi. Ono, živiš s čovjekom mjesec dana, a on mora;doslovno
"potez. Predsjednik ŽOZ-a je još jednom jasno istaknuo prošlog petka u Jasenovcu: hrvatska Vlada mora konačno dati crveni karton svakom ""ljutitom ustaši"", naciju treba deustašizirati i mlade odgojiti. Inače bi nam se moglo dogoditi da nas počnu";frazeolosko
nije vidio da je bilo kontakta lopte s rukom izvan šesnaesterca. U slučaju suprotne odluke, Bel bi trebao dati izravan crveni karton vrataru Hajduka i dosuditi slobodni udarac za protivnika, a tada bismo vjerojatno ostali uskraćenu za jednu od;doslovno
promovirao dok je igrao za Lazio. Važna obavijest Stigla i policija: Nogometaš u Gračacu nokautirao suca jer mu je dao crveni karton Igrač NK Vrčeva Bruno Števanja udario je glavnog suca Slavena Čirjaka šakom u glavu, zbog čega je intervenirala i;doslovno
je već čestitao Vujoviću na pobjedi. A onda ipak... suci desetak minuta vijećaju i pregledaju video i napokon daju crveni karton slovenskom igraču i sude penal za Nijemce, koji je Veselin Vujović htio braniti, totalno izluđen suđenjem. Konačni;doslovno
u 15. minuti Vlašiću dao žuti karton, minutu kasnije Rijeka je ostala s igračem manje. Zaprešićki arbitar dao je crveni karton Moisesu u duelu s Josipom Juranovićem. Kontakt je nedvojbeno postojao, no opći je dojam da je odluka bila prestroga.;doslovno
. Uslijed svega toga Tiago Silva je rukom u lice namjerno udario Sahitija, ali sudac Ali Palabiyik nije mu dao crveni karton, već žuti. Crveni karton za Vitoriju Portugalci su, kao i na početku prvog dijela, s pritiskom ušli u drugi.;doslovno
više prostora pa su ga iskoristile i Vinka i naročito Šćurla. Da su suci bili malo objektivniji mogli su dati i direktni crveni karton K. Vučić, igračici Sinja, zbog grubog potezanja Šćurle za ruku s leđa. Sve u svemu, zbog takve naše igre Sinjanke smo;doslovno
da nisam naveo sve što se dogodilo na utakmici... Po svim nogometnim pravilima kad igrač opsuje suca ovaj mu treba dati crveni karton - ovaj je put domaći kapetan(!) to učinio čak dva puta, a za nagradu dobio tek žuti. Treba se na takve stvari pripremiti,;doslovno
ce zauzeti koje ministarstvo, pa su se ipak odlucili za ovu Vladu s ovim ministrima i tu se nista ne da uciniti osim dati im crveni karton na slijedecim lokalnim i parlamentarnim izborima. Ako se vecina Hrvata opet odluci za njih, onda ce to znaciti da je sve;frazeolosko
– korupcije, klijentelizma i kriminala. HDZ-u ste na prošlim izborima dali žuti karton, sad je vrijeme da mu date crveni karton. Siguran sam da želite Split jednakih prilika za sve, u kojem stranačke iskaznice nisu najvažnije stvari, u kojem su;frazeolosko
Benčića podijelili su bodove u izjednačenoj utakmici. - Solidna utakmica, bez puno prilika. Nakon što smo dobili crveni karton dali smo gol iz slobodnog udarca, a zatim smo primili gol praktički s centra zbog nesmotrenosti našeg vratara. Remi je;doslovno
"o ministrici. No, nije Pupovac od jučer... Neki su povjerovali da bi i neki nezadovoljni zastupnici HDZ-a mogli dati "" crveni karton "" osionoj ministrici, a pogotovo da bi HNS mogao stati uz opoziciju, nezadovoljan radom i netransparentnošću Martine";frazeolosko
bi igraču trebalo zabraniti da igra, ali ništa. Nastao je rat, igrači su se potukli, a sudac je pitao kome treba dati crveni karton. Vrijeđali su ga, vršili pritisak na njega, ali ništa. Čak smo u jednom trenutku razmišljali da prekinemo utakmicu. Ja;doslovno
samo rekao da mu odajem priznanje ako je namjerno tako sudio. Ako nije, rekao sam mu da nema pojma o suđenju! Dao je crveni karton Kuroltu radi prigovora zbog toga što mu je rekao da je trebao dati žuti karton njihovu igraču! S igračem manje imali smo;doslovno
dobre volje', sve se promijenilo jednog popodneva 04. travnja 1958. godine u kući Turnerovih kada je lady dala žigolu crveni karton. Čuvši svađu i prijetnje temperamentnih ljubavnika na gornjem katu, Lanina kći Cheryl prihvatila se kuhinjskoga;frazeolosko
?) ponudio samo dio akcije u 16-ercu Gorice i navodni prekršaj Waguea nad Bijukom. Bel je dosudio penal, Wagueu dao crveni karton i ostavio Goricu s igračem manje čitavo poluvrijeme. Iako je Banić obranio penal Livaji, isti je igrač u 98. minuti dao;doslovno
klupe zbog toga poćeo prigovarati. Nakon toga uskomešala se klupa gostujuće momčadi, glavni sudac pojurio je dati crveni karton Kameruncu Pierru Webu, pomoćnom treneru u Basaksehiru, nakon čega se silno naljutio senegalski internacionalac;doslovno
prvog poluvremena momčad koja je bila u prednosti ostala je s igračem manje. Nakon pregleda snimke sudac je dao izravan crveni karton Francoisu Kamanu zbog jako oštrog starta nad Frankom Magrijem. Upravo je Magri donio poravnanje Kamerunu u 51. minuti;doslovno
u uzvratnom dvoboju. - Howard Webb je meni jedan od omiljenih sudaca. Ali, ljut sam na njega, ljut sam jer nije dao crveni karton Hummelsu. Svi su vidjeli taj crveni, vidio ga je i on. No, očito je u tom trenutku bio samo čovjek, a ne sudac, rekao je za;doslovno
sam posla s lošim sucima. Kada govorim o njima, govorim zbog utjecaja na igru, a u ovom slučaju to nije razlog. Pa on je dao crveni karton igraču koji se u 96 minuti poskliznuo zbog umora. Zato sam napustio teren ranije. Zlatan Ibrahimović sve dogovorio sa;doslovno
, no treba prihvatiti ovaj remi i ići dalje. Za mene je utakmicu odlučio gospodin Jeremie Pignard. Dao je nepostojeći crveni karton Balerdiju i od tada nam je bilo jako teško igrati. Ovo je već druga utakmica da smo oštećeni, u prošlom kolu na gostovanju;doslovno
kontroverze. Nakon što je Dawson faulirao Bonyja izvan kaznenog prostora oglasio se sudac Swabrick te dao izravni crveni karton McAuleyju. Radilo se o zamjeni identiteta, sudac je u poluvremenu reporterki britanskog Sky Sportsa uz teren priznao;doslovno
- curi ti crvena krv, pođeš preći ulicu - crveno na semaforu, na računu u banci si u crvenom, sudija na utakmici ti dadne crveni karton ... svaki jad i čemer je crvene boje! A, zeleno je sve što valja - trava se zeleni, list se zeleni, zelene oči... to samo;doslovno
"nađi ih, ako ne, ugasi se i doviđenja"", poručuje Pavliček. Dodao je i kako se nada da će ljudi na izborima napokon "" dati crveni karton ovakvoj trgovačkoj hrvatsko-srpskoj koaliciji"". News Company: Objavljen drugi poziv za financiranje projekata";frazeolosko
Norveškoj na utakmici u finalu s Danskom. Tada sam htio na sredini terena sucu uzeti crveni karton iz ruke i ja njemu dati crveni karton. Normalno je da sam bio isključen, prvi puta u životu. A kada sam trebao dobiti kaznu nisam dobio nikakvu. Kasnije sam;doslovno
"notirao: ""U prvom poluvremenu sudac je u 20. minuti, umjesto žutoga kartona, trebao igraču Rijeke broj 10 (Ružić) dati crveni karton jer za ovakav prekršaj – udaranje suparničkog igrača u prekidu nogom – to se obično sankcionira crvenim kartonom.""";doslovno
"je opet nekud nestala.Dolje, na tribinama, Dean Thomas je vikao iz sveg grla: ""Isključite ga, sutkinjo! Dajte mu crveni karton!""""Nije ti ovo nogomet, Deane"", podsjeti ga Ron. ""U metloboju se ne isključuju igrači. I što ti je uopće taj crveni";doslovno
mu je pokazao žuti karton, zbog čega je Kolumbijac žestoko reagirao te je po ruci udario suca, koji mu je potom dao crveni karton – posve opravdano. Suca jednostavno igrač ne smije dirati, a kamoli udariti, ma kakva odluka i kolko god evenualno;doslovno
"je bilo blizu aut linije na centru prsima sam ga u njegovoj punoj brzini ""odnio"" van terena i on padne. Sudac mi je za to dao crveni karton, ali Cruyff se odmah ustao i rekao da je sve bilo korektno, natjeravši suca da promijeni odluku bez obzira što smo mi";doslovno
"u logorima.""11 U Švedskoj je 2008. godine unija fudbalera organizirala niz utakmica pod sloganom "" Dajte rasizmu crveni karton "". Leci sa informacijama o kampanji podijeljeni su gledalištu od oko 135.000 ljudi, a pred utakmicu je prikazan";frazeolosko
. Iako je snimka pokazala da je Anđušić pao prije šesnaesterca, sudac Luka Bilbija nije dosudio ništa, osim što je dao crveni karton zbog prigovora Vehaboviću, koji je već ranije bio zamijenjen. Na kraju su popustili živce svima pa se utakmica koja je;doslovno
"Dinamo je bio blizu novom pogotku, ali lopta je pogodila vratnicu. Gostima je u nastavku ""vjetar u leđa"" u 77. minuti dao crveni karton (i isključenje) Stefana Ristovskog. Zanimljivo da je ova utakmica za Ristovskog, desnog beka i makedonskog";doslovno
rukava i guranje Kopljara, sugeriraju što se dogodilo. Sudac je pogledao rame francuskog igrača i Kopljaru dao crveni karton. Incident se dogodio u 8. minuti drugog poluvremena, u tom trenutka PSG je kao gost vodio 24:16, a nakon toga se rezultat;doslovno
gurnuo Bjelicu, na što mu je ovaj još jednom uzvratio. Jasno, sudac Frank Willenborg nije imao izbora nego dati Bjelici crveni karton, dok je Sane 'požutio' zbog tog incidenta VIDEO Bjelica poludio i u glavu udario Bayernovu zvijezdu! Crveni karton mu;doslovno
, budeš li se svakoga dana odlučio raditi inventuru svojih odnosa i onima koji nisu zadovoljili tvoja očekivanja dao crveni karton. Izgubit ćeš prijatelje budeš li se svakodnevno zagledao u sebe, tražio samo rane i povrede i preispitivao tko ti je;frazeolosko
"razvoj grada Zadra, a sve ćemo im to vratit u nedjelju. Između SDP-a i Hrvatske – birajte Hrvatsku. Milanoviću ćemo dati crveni karton – izbačeni ste iz igre!"", rekao je Dvorski. Nemoj sine nikud ići, kaže ova prekrasna pjesma. Tu je razlika između nas i";frazeolosko
koji su prema nama imali puno stroži kriteriji, a vjerojatno su napravili i povijesni presedan u rukometu kada su dali crveni karton Memu zbog prekršaja i Načinoviću zbog simuliranja. Upravo je ta odluka navukla bijes Hrvatskoj, a nakon nje je prema;doslovno
o njemu tek kad su vidjeli da gube zbog svojih stavova - jer se građani s time ne slažu. Stoga - 8. studenog dat ćemo im crveni karton! PUTICA: Plava boja - pobjednička! Iznimno je važno u nedjelju izići na izbore! Uvjerena sam kako će Grad Dubrovnik;frazeolosko
"su previse gazili po nama... Metličić je trebao odigrat cijelu utakmicu,al po citanju s njegovih usana kad su mu dali crveni karton,jasno se je vidjelo kako mu je Pero reko: ""Ovo ti je drugi put..."" sto bi znacilo da je netko nekome nesto ostao duzan...";doslovno
vrijedan našeg vremena i truda ili nije, stoga donosimo neka stručna mišljenja kojim karakteristikama treba dati crveni karton, a kojima drugu šansu. Znakovi za crveni karton partneru: 1. Ulizuju se kako bi vam se svidjeli Ono što se često dogodi,;frazeolosko
udarcem s nekih 10 metara udaljenosti pogodio u glavu Jamesa Morrisona, veznjaka domaćih. Sudac Jones dao mu je crveni karton zbog tog poteza, a kapetanu WBA, Darrenu Fletcheru, žuti karton zato što je nasrnuo na Španjolca. Cijelu ovu komičnu,;doslovno
"nasilja u Engleskoj znatno poveća dan nakon utakmice – neovisno o rezultatu. Zaključak ove kampanje je: "" Dajmo crveni karton obiteljskom nasilju!"" Učenici su bili vrlo aktivni, otvoreno su komunicirali o ovoj temi, postavljali pitanja i";frazeolosko
"""utakmici"" nije nedostajalo udaraca i pogrešnih poteza. Dovoljnih da mu neki od naših vrhunskih znanstvenika daju crveni karton. Nitko od oponenata iz znanosti i medija koji ga prozivaju da propovijeda neprovjerene ideje, daje kontradiktorne";frazeolosko
obzirom da je razlika skoro jedan cijeli gol. 7. Da je ponajbolji sudac jugoistočne Europe i šire dao zasluženi crveni karton u 57. minuti za start koji inače lomi gležanj, ja vjerujem da bi u preostalih 30 minuta zabili gol. 8. I to sve sa načetim;doslovno
mi nije dobra. Uopće ju nisam htjela čitati, no morala sam jer lektira je lektira. ANKETA Glavni sudac dao pomoćnom crveni karton pa mu pomoćni pozvao policiju :lol: Nisam ni znao da sudac moze drugom sucu dat crveni..;doslovno
loptu preko njega na nekih 20-ak metara od gola Šibenika. Sudac Fran Jović dotrčao je odmah do Šare i dao mu izravni crveni karton što je izazvalo nevjericu kod domaćih igrača i navijača. Nije tu bio kraj šibenskim nevoljama jer iz slobodnog udarca;doslovno
u zadnjih sedam minuta utakmice, drugačije ni ne može biti. Međutim, da je Aytekin dosudio jedanaesterac za PSG i dao crveni karton Mascheranu, utakmica bi vjerojatno imala drugačiji završetak. To je prilično jasno. Neymar trebao dobiti crveni;doslovno
Halilhodžićem posvađao na pasja kola prilikom posljednje suradnje. S Kovačem je ušao u konflikt kada mu je dao crveni karton u hrvatskoj reprezentaciji, Mamić je tada još uvijek vedrio i oblačio u HNS-u, a s Halilhodžićem nakon opjevanog;frazeolosko
vodila 1:0 kad je sudac Guruceta dosudio penal za Real (faul je bio učinjen nekoliko metara izvan 16 metara) i kad je dao crveni karton igraču Barceloni zbog pljeskanja sudačkoj odluki navijači Barcelone su ušli na teren. Posljedica je bila da je;doslovno
, posebno kada se gleda statistika. Napomenuo bih i veliki propust suca koji je Stjepanu Gengu propustio dati izravni crveni karton za izuzetno neoprezan i grub start. Geng je prošao samo sa žutim kartonom, ali snimka je otkrila svu pogibeljnost;doslovno
stao igrati i odmah se požalio sucu što je pretrpio. Sudac je odmah zatražio od VAR-a snimku, a čim ju je pogledao dao je crveni karton gnjusnom Mendozi. EDITOR PICKS Pitanje ima li tko dobrih fotki ili profila di se vidi točna pozicija žute oznake V koja;doslovno
zahtjeve može se suočiti s pravim povredama stanovanja. Milan Popadić pozvao sunarodnjake da na izborima daju ' crveni karton onima koji trenutno vode Srbe u Rijeci Izbori za Vijeće srpske nacionalne manjine za grad i županiju prilika su da;frazeolosko
, a samo sekundu kasnije morao je rukom obraniti udarac Adiyaha, pa mu je portugalski sudac Benquerenca morao dati crveni karton i dosuditi kazneni udarac za Ganu. No, Asamoah Gyan je s bijele točke pogodio gredu, te propustio uvesti Ganu u;doslovno
i dao crveni za igrača Slavena. Vukčević je pretrčao Laminea, ovaj ga je srušio i Strukan je pokazao na bijelu točku i dao crveni karton stoperu iz Mauretanije. No, kasnije je promijenio odluku i izvukao je faul na 16 metara. Ampen je tukao ali ravno u;doslovno
novi ljudi. Niti jedan drugi zaposlenik u gradu neće ostati bez posla bez obzira što su birači dosadašnjoj ekipi dali crveni karton. Svih ostalih nekoliko desetaka službenika gradske uprave i nekoliko stotina zaposlenika javnih poduzeća i;frazeolosko
igrača u utakmici protiv dijabetesa. Dobra je vijest da se na njih može samostalno utjecati. Kako bi im dali crveni karton i maknuli ih s našeg terena, ključno je prepoznati vlastite loše navike. Jednom kad najgori suparnici budu izbačeni iz;frazeolosko
kandidature za zamenika župana Osječko-baranjske županije Damjanović je, prekršivši statut stranke, sam sebi dao crveni karton. Nakon toga progovorio je o razlozima koji su doveli do njegovog isključenja iz stranke u kojoj je proveo gotovo jedno;frazeolosko
